{"eval/loss": 0.11688573658466339, "eval/accuracy": 0.9603671255736337, "eval/f1": 0.8326576144588407, "eval/precision": 0.8658452296363284, "eval/recall": 0.8058572254054317, "eval/runtime": 325.7805, "eval/samples_per_second": 14.715, "eval/steps_per_second": 0.921, "train/epoch": 1.0, "train/global_step": 350, "_runtime": 6302, "_timestamp": 1642613462, "_step": 2, "train/train_runtime": 5959.7939, "train/train_samples_per_second": 3.754, "train/train_steps_per_second": 0.059, "train/total_flos": 559377187028040.0, "train/train_loss": 0.15095494951520647, "_wandb": {"runtime": 6627}}